id,read_ratio,insert_ratio,update_ratio,scan_ratio,delete_ratio,key_path,index_type,throughput,init_table_size,memory_consumption,thread_num,min,50 percentile,90 percentile,99 percentile,99.9 percentile,99.99 percentile,max,avg,pgm,variance,seed,scan_num,write_ratio_begin,write_ratio_end,latency_variance,latency_sample,workload_shift,data_shift,hyper_thread,mse,error_bound,table_size
20220531022541,0,1,0,0,0,/research/dept7/ericlo_hpc/poh/gre_dev/resources/covid_tweets_200M_uint64,alex,2834833,100000000,4129359992,1,0,0,0,0,0,0,0,0,0,20,1866,100,2.122e-314,4.94066e-324,0,0,0,0,0,0,64,200000000
20220531022621,0,1,0,0,0,/research/dept7/ericlo_hpc/poh/gre_dev/resources/biology_200M_uint64,alex,1482156,100000000,4279497336,1,0,0,0,0,0,0,0,0,0,20,1866,100,2.122e-314,4.94066e-324,0,0,0,0,0,0,64,200000000
20220531022629,0,1,0,0,0,/research/dept7/ericlo_hpc/poh/gre_dev/resources/planet_features_osm_id_200M_uint64,alex,1414132,100000000,4454826112,1,0,0,0,0,0,0,0,0,0,20,1866,100,2.122e-314,4.94066e-324,0,0,0,0,0,0,64,200000000
20220531022639,0,1,0,0,0,/research/dept7/ericlo_hpc/poh/gre_dev/resources/osm_cellids_200M_uint64,alex,1290153,100000000,4579798056,1,0,0,0,0,0,0,0,0,0,20,1866,100,2.122e-314,4.94066e-324,0,0,0,0,0,0,64,200000000
20220531022759,0,1,0,0,0,/research/dept7/ericlo_hpc/poh/gre_dev/resources/wise_all_sky_data_htm_200M_uint64,alex,3095525,100000000,4101918520,1,0,0,0,0,0,0,0,0,0,20,1866,100,2.122e-314,4.94066e-324,0,0,0,0,0,0,64,200000000
20220531022807,0,1,0,0,0,/research/dept7/ericlo_hpc/poh/gre_dev/resources/books_200M_uint64,alex,2480435,100000000,4097353624,1,0,0,0,0,0,0,0,0,0,20,1866,100,2.122e-314,4.94066e-324,0,0,0,0,0,0,64,200000000
20220531022813,0,1,0,0,0,/research/dept7/ericlo_hpc/poh/gre_dev/resources/libraries_io_repository_dependencies_200M_uint64,alex,2420978,100000000,4248839648,1,0,0,0,0,0,0,0,0,0,20,1866,100,2.122e-314,4.94066e-324,0,0,0,0,0,0,64,200000000
20220531022932,0,1,0,0,0,/research/dept7/ericlo_hpc/poh/gre_dev/resources/fb_200M_uint64,alex,953543,100000000,4756796456,1,0,0,0,0,0,0,0,0,0,20,1866,100,2.122e-314,4.94066e-324,0,0,0,0,0,0,64,200000000
20220531023041,0,1,0,0,0,/research/dept7/ericlo_hpc/poh/gre_dev/resources/stovf_vote_id_200M_uint64,alex,3849263,100000000,4097929608,1,0,0,0,0,0,0,0,0,0,20,1866,100,2.122e-314,4.94066e-324,0,0,0,0,0,0,64,200000000
20220531023101,0,1,0,0,0,/research/dept7/ericlo_hpc/poh/gre_dev/resources/osm_history_node_200M_uint64,alex,2739596,100000000,4158533680,1,0,0,0,0,0,0,0,0,0,20,1866,100,2.122e-314,4.94066e-324,0,0,0,0,0,0,64,200000000
20220531023211,0,1,0,0,0,/research/dept7/ericlo_hpc/poh/gre_dev/resources/covid_tweets_200M_uint64,lipp,3509366,100000000,18007851546,1,0,0,0,0,0,0,0,0,0,20,1866,100,2.122e-314,4.94066e-324,0,0,0,0,0,0,64,200000000
20220531023238,0,1,0,0,0,/research/dept7/ericlo_hpc/poh/gre_dev/resources/planet_features_osm_id_200M_uint64,lipp,1866800,100000000,21007066136,1,0,0,0,0,0,0,0,0,0,20,1866,100,2.122e-314,4.94066e-324,0,0,0,0,0,0,64,200000000
20220531023245,0,1,0,0,0,/research/dept7/ericlo_hpc/poh/gre_dev/resources/osm_cellids_200M_uint64,lipp,1628012,100000000,25391738802,1,0,0,0,0,0,0,0,0,0,20,1866,100,2.122e-314,4.94066e-324,0,0,0,0,0,0,64,200000000
20220531023245,0,1,0,0,0,/research/dept7/ericlo_hpc/poh/gre_dev/resources/biology_200M_uint64,lipp,1676169,100000000,22694067002,1,0,0,0,0,0,0,0,0,0,20,1866,100,2.122e-314,4.94066e-324,0,0,0,0,0,0,64,200000000
20220531023346,0,1,0,0,0,/research/dept7/ericlo_hpc/poh/gre_dev/resources/libraries_io_repository_dependencies_200M_uint64,lipp,4507848,100000000,16271746842,1,0,0,0,0,0,0,0,0,0,20,1866,100,2.122e-314,4.94066e-324,0,0,0,0,0,0,64,200000000
20220531023351,0,1,0,0,0,/research/dept7/ericlo_hpc/poh/gre_dev/resources/wise_all_sky_data_htm_200M_uint64,lipp,3789629,100000000,16910389872,1,0,0,0,0,0,0,0,0,0,20,1866,100,2.122e-314,4.94066e-324,0,0,0,0,0,0,64,200000000
20220531023416,0,1,0,0,0,/research/dept7/ericlo_hpc/poh/gre_dev/resources/books_200M_uint64,lipp,2136158,100000000,21347296930,1,0,0,0,0,0,0,0,0,0,20,1866,100,2.122e-314,4.94066e-324,0,0,0,0,0,0,64,200000000
20220531023419,0,1,0,0,0,/research/dept7/ericlo_hpc/poh/gre_dev/resources/fb_200M_uint64,lipp,1899256,100000000,20960249462,1,0,0,0,0,0,0,0,0,0,20,1866,100,2.122e-314,4.94066e-324,0,0,0,0,0,0,64,200000000
20220531023504,0,1,0,0,0,/research/dept7/ericlo_hpc/poh/gre_dev/resources/stovf_vote_id_200M_uint64,lipp,8780523,100000000,9399058962,1,0,0,0,0,0,0,0,0,0,20,1866,100,2.122e-314,4.94066e-324,0,0,0,0,0,0,64,200000000
20220531023527,0,1,0,0,0,/research/dept7/ericlo_hpc/poh/gre_dev/resources/osm_history_node_200M_uint64,lipp,3635862,100000000,17328762436,1,0,0,0,0,0,0,0,0,0,20,1866,100,2.122e-314,4.94066e-324,0,0,0,0,0,0,64,200000000
20220531023638,0,1,0,0,0,/research/dept7/ericlo_hpc/poh/gre_dev/resources/covid_tweets_200M_uint64,artunsync,2613567,100000000,8406155724,1,0,0,0,0,0,0,0,0,0,20,1866,100,2.122e-314,4.94066e-324,0,0,0,0,0,0,64,200000000
20220531023639,0,1,0,0,0,/research/dept7/ericlo_hpc/poh/gre_dev/resources/osm_cellids_200M_uint64,artunsync,2476823,100000000,10219960820,1,0,0,0,0,0,0,0,0,0,20,1866,100,2.122e-314,4.94066e-324,0,0,0,0,0,0,64,200000000
20220531023639,0,1,0,0,0,/research/dept7/ericlo_hpc/poh/gre_dev/resources/planet_features_osm_id_200M_uint64,artunsync,2574933,100000000,11160054432,1,0,0,0,0,0,0,0,0,0,20,1866,100,2.122e-314,4.94066e-324,0,0,0,0,0,0,64,200000000
20220531023654,0,1,0,0,0,/research/dept7/ericlo_hpc/poh/gre_dev/resources/biology_200M_uint64,artunsync,1889434,100000000,10727310544,1,0,0,0,0,0,0,0,0,0,20,1866,100,2.122e-314,4.94066e-324,0,0,0,0,0,0,64,200000000
20220531023754,0,1,0,0,0,/research/dept7/ericlo_hpc/poh/gre_dev/resources/libraries_io_repository_dependencies_200M_uint64,artunsync,3678826,100000000,9036149728,1,0,0,0,0,0,0,0,0,0,20,1866,100,2.122e-314,4.94066e-324,0,0,0,0,0,0,64,200000000
20220531023759,0,1,0,0,0,/research/dept7/ericlo_hpc/poh/gre_dev/resources/wise_all_sky_data_htm_200M_uint64,artunsync,3090239,100000000,8346048732,1,0,0,0,0,0,0,0,0,0,20,1866,100,2.122e-314,4.94066e-324,0,0,0,0,0,0,64,200000000
20220531023807,0,1,0,0,0,/research/dept7/ericlo_hpc/poh/gre_dev/resources/fb_200M_uint64,artunsync,2388619,100000000,10515579248,1,0,0,0,0,0,0,0,0,0,20,1866,100,2.122e-314,4.94066e-324,0,0,0,0,0,0,64,200000000
20220531023807,0,1,0,0,0,/research/dept7/ericlo_hpc/poh/gre_dev/resources/books_200M_uint64,artunsync,2360397,100000000,11055434356,1,0,0,0,0,0,0,0,0,0,20,1866,100,2.122e-314,4.94066e-324,0,0,0,0,0,0,64,200000000
20220531023858,0,1,0,0,0,/research/dept7/ericlo_hpc/poh/gre_dev/resources/stovf_vote_id_200M_uint64,artunsync,4638513,100000000,5415247000,1,0,0,0,0,0,0,0,0,0,20,1866,100,2.122e-314,4.94066e-324,0,0,0,0,0,0,64,200000000
20220531023922,0,1,0,0,0,/research/dept7/ericlo_hpc/poh/gre_dev/resources/osm_history_node_200M_uint64,artunsync,2387606,100000000,9202905808,1,0,0,0,0,0,0,0,0,0,20,1866,100,2.122e-314,4.94066e-324,0,0,0,0,0,0,64,200000000
20220531024058,0,1,0,0,0,/research/dept7/ericlo_hpc/poh/gre_dev/resources/osm_cellids_200M_uint64,btree,1376551,100000000,5369411984,1,0,0,0,0,0,0,0,0,0,20,1866,100,2.122e-314,4.94066e-324,0,0,0,0,0,0,64,200000000
20220531024058,0,1,0,0,0,/research/dept7/ericlo_hpc/poh/gre_dev/resources/covid_tweets_200M_uint64,btree,1411274,100000000,5369411984,1,0,0,0,0,0,0,0,0,0,20,1866,100,2.122e-314,4.94066e-324,0,0,0,0,0,0,64,200000000
20220531024058,0,1,0,0,0,/research/dept7/ericlo_hpc/poh/gre_dev/resources/planet_features_osm_id_200M_uint64,btree,1396103,100000000,5369411984,1,0,0,0,0,0,0,0,0,0,20,1866,100,2.122e-314,4.94066e-324,0,0,0,0,0,0,64,200000000
20220531024058,0,1,0,0,0,/research/dept7/ericlo_hpc/poh/gre_dev/resources/biology_200M_uint64,btree,1411557,100000000,5369411984,1,0,0,0,0,0,0,0,0,0,20,1866,100,2.122e-314,4.94066e-324,0,0,0,0,0,0,64,200000000
20220531024232,0,1,0,0,0,/research/dept7/ericlo_hpc/poh/gre_dev/resources/fb_200M_uint64,btree,1399869,100000000,5369411984,1,0,0,0,0,0,0,0,0,0,20,1866,100,2.122e-314,4.94066e-324,0,0,0,0,0,0,64,200000000
20220531024233,0,1,0,0,0,/research/dept7/ericlo_hpc/poh/gre_dev/resources/books_200M_uint64,btree,1399448,100000000,5369411984,1,0,0,0,0,0,0,0,0,0,20,1866,100,2.122e-314,4.94066e-324,0,0,0,0,0,0,64,200000000
20220531024234,0,1,0,0,0,/research/dept7/ericlo_hpc/poh/gre_dev/resources/libraries_io_repository_dependencies_200M_uint64,btree,1413725,100000000,5369411984,1,0,0,0,0,0,0,0,0,0,20,1866,100,2.122e-314,4.94066e-324,0,0,0,0,0,0,64,200000000
20220531024234,0,1,0,0,0,/research/dept7/ericlo_hpc/poh/gre_dev/resources/wise_all_sky_data_htm_200M_uint64,btree,1411884,100000000,5369411984,1,0,0,0,0,0,0,0,0,0,20,1866,100,2.122e-314,4.94066e-324,0,0,0,0,0,0,64,200000000
20220531024410,0,1,0,0,0,/research/dept7/ericlo_hpc/poh/gre_dev/resources/osm_history_node_200M_uint64,btree,1414882,100000000,5369411984,1,0,0,0,0,0,0,0,0,0,20,1866,100,2.122e-314,4.94066e-324,0,0,0,0,0,0,64,200000000
20220531024411,0,1,0,0,0,/research/dept7/ericlo_hpc/poh/gre_dev/resources/stovf_vote_id_200M_uint64,btree,1389565,100000000,5369411984,1,0,0,0,0,0,0,0,0,0,20,1866,100,2.122e-314,4.94066e-324,0,0,0,0,0,0,64,200000000
20220531024607,0,1,0,0,0,/research/dept7/ericlo_hpc/poh/gre_dev/resources/covid_tweets_200M_uint64,hot,1463771,100000000,2305371728,1,0,0,0,0,0,0,0,0,0,20,1866,100,2.122e-314,4.94066e-324,0,0,0,0,0,0,64,200000000
20220531024610,0,1,0,0,0,/research/dept7/ericlo_hpc/poh/gre_dev/resources/planet_features_osm_id_200M_uint64,hot,1412669,100000000,2300439808,1,0,0,0,0,0,0,0,0,0,20,1866,100,2.122e-314,4.94066e-324,0,0,0,0,0,0,64,200000000
20220531024611,0,1,0,0,0,/research/dept7/ericlo_hpc/poh/gre_dev/resources/osm_cellids_200M_uint64,hot,1376492,100000000,2340209552,1,0,0,0,0,0,0,0,0,0,20,1866,100,2.122e-314,4.94066e-324,0,0,0,0,0,0,64,200000000
20220531024617,0,1,0,0,0,/research/dept7/ericlo_hpc/poh/gre_dev/resources/biology_200M_uint64,hot,1352974,100000000,2507699040,1,0,0,0,0,0,0,0,0,0,20,1866,100,2.122e-314,4.94066e-324,0,0,0,0,0,0,64,200000000
20220531024813,0,1,0,0,0,/research/dept7/ericlo_hpc/poh/gre_dev/resources/libraries_io_repository_dependencies_200M_uint64,hot,1457261,100000000,2216806568,1,0,0,0,0,0,0,0,0,0,20,1866,100,2.122e-314,4.94066e-324,0,0,0,0,0,0,64,200000000
20220531024813,0,1,0,0,0,/research/dept7/ericlo_hpc/poh/gre_dev/resources/wise_all_sky_data_htm_200M_uint64,hot,1469379,100000000,2265756896,1,0,0,0,0,0,0,0,0,0,20,1866,100,2.122e-314,4.94066e-324,0,0,0,0,0,0,64,200000000
20220531024814,0,1,0,0,0,/research/dept7/ericlo_hpc/poh/gre_dev/resources/books_200M_uint64,hot,1419412,100000000,2371714448,1,0,0,0,0,0,0,0,0,0,20,1866,100,2.122e-314,4.94066e-324,0,0,0,0,0,0,64,200000000
20220531024820,0,1,0,0,0,/research/dept7/ericlo_hpc/poh/gre_dev/resources/fb_200M_uint64,hot,1337590,100000000,2451297640,1,0,0,0,0,0,0,0,0,0,20,1866,100,2.122e-314,4.94066e-324,0,0,0,0,0,0,64,200000000
20220531025015,0,1,0,0,0,/research/dept7/ericlo_hpc/poh/gre_dev/resources/stovf_vote_id_200M_uint64,hot,1400644,100000000,2134100784,1,0,0,0,0,0,0,0,0,0,20,1866,100,2.122e-314,4.94066e-324,0,0,0,0,0,0,64,200000000
20220531025018,0,1,0,0,0,/research/dept7/ericlo_hpc/poh/gre_dev/resources/osm_history_node_200M_uint64,hot,1420883,100000000,2283002096,1,0,0,0,0,0,0,0,0,0,20,1866,100,2.122e-314,4.94066e-324,0,0,0,0,0,0,64,200000000
20220531025100,0,1,0,0,0,/research/dept7/ericlo_hpc/poh/gre_dev/resources/osm_cellids_200M_uint64,pgm,5140856,100000000,3205455152,1,0,0,0,0,0,0,0,0,0,20,1866,100,2.122e-314,4.94066e-324,0,0,0,0,0,0,64,200000000
20220531025101,0,1,0,0,0,/research/dept7/ericlo_hpc/poh/gre_dev/resources/planet_features_osm_id_200M_uint64,pgm,5193857,100000000,3203727168,1,0,0,0,0,0,0,0,0,0,20,1866,100,2.122e-314,4.94066e-324,0,0,0,0,0,0,64,200000000
20220531025102,0,1,0,0,0,/research/dept7/ericlo_hpc/poh/gre_dev/resources/covid_tweets_200M_uint64,pgm,5235666,100000000,3200790104,1,0,0,0,0,0,0,0,0,0,20,1866,100,2.122e-314,4.94066e-324,0,0,0,0,0,0,64,200000000
20220531025102,0,1,0,0,0,/research/dept7/ericlo_hpc/poh/gre_dev/resources/biology_200M_uint64,pgm,5219505,100000000,3202089384,1,0,0,0,0,0,0,0,0,0,20,1866,100,2.122e-314,4.94066e-324,0,0,0,0,0,0,64,200000000
20220531025143,0,1,0,0,0,/research/dept7/ericlo_hpc/poh/gre_dev/resources/fb_200M_uint64,pgm,5281069,100000000,3207541296,1,0,0,0,0,0,0,0,0,0,20,1866,100,2.122e-314,4.94066e-324,0,0,0,0,0,0,64,200000000
20220531025144,0,1,0,0,0,/research/dept7/ericlo_hpc/poh/gre_dev/resources/books_200M_uint64,pgm,5281565,100000000,3200679856,1,0,0,0,0,0,0,0,0,0,20,1866,100,2.122e-314,4.94066e-324,0,0,0,0,0,0,64,200000000
20220531025146,0,1,0,0,0,/research/dept7/ericlo_hpc/poh/gre_dev/resources/wise_all_sky_data_htm_200M_uint64,pgm,5334442,100000000,3200430224,1,0,0,0,0,0,0,0,0,0,20,1866,100,2.122e-314,4.94066e-324,0,0,0,0,0,0,64,200000000
20220531025146,0,1,0,0,0,/research/dept7/ericlo_hpc/poh/gre_dev/resources/libraries_io_repository_dependencies_200M_uint64,pgm,5229446,100000000,3201313936,1,0,0,0,0,0,0,0,0,0,20,1866,100,2.122e-314,4.94066e-324,0,0,0,0,0,0,64,200000000
20220531025229,0,1,0,0,0,/research/dept7/ericlo_hpc/poh/gre_dev/resources/stovf_vote_id_200M_uint64,pgm,5404212,100000000,3200202000,1,0,0,0,0,0,0,0,0,0,20,1866,100,2.122e-314,4.94066e-324,0,0,0,0,0,0,64,200000000
20220531025229,0,1,0,0,0,/research/dept7/ericlo_hpc/poh/gre_dev/resources/osm_history_node_200M_uint64,pgm,5400497,100000000,3200667536,1,0,0,0,0,0,0,0,0,0,20,1866,100,2.122e-314,4.94066e-324,0,0,0,0,0,0,64,200000000
20220531025354,0,1,0,0,0,/research/dept7/ericlo_hpc/poh/gre_dev/resources/covid_tweets_200M_uint64,alex,2883050,100000000,4113048232,1,0,0,0,0,0,0,0,0,0,20,2866,100,2.122e-314,4.94066e-324,0,0,0,0,0,0,64,200000000
20220531025433,0,1,0,0,0,/research/dept7/ericlo_hpc/poh/gre_dev/resources/biology_200M_uint64,alex,1507505,100000000,4275914096,1,0,0,0,0,0,0,0,0,0,20,2866,100,2.122e-314,4.94066e-324,0,0,0,0,0,0,64,200000000
20220531025442,0,1,0,0,0,/research/dept7/ericlo_hpc/poh/gre_dev/resources/planet_features_osm_id_200M_uint64,alex,1430894,100000000,4455676072,1,0,0,0,0,0,0,0,0,0,20,2866,100,2.122e-314,4.94066e-324,0,0,0,0,0,0,64,200000000
20220531025454,0,1,0,0,0,/research/dept7/ericlo_hpc/poh/gre_dev/resources/osm_cellids_200M_uint64,alex,1274939,100000000,4579712608,1,0,0,0,0,0,0,0,0,0,20,2866,100,2.122e-314,4.94066e-324,0,0,0,0,0,0,64,200000000
20220531025614,0,1,0,0,0,/research/dept7/ericlo_hpc/poh/gre_dev/resources/wise_all_sky_data_htm_200M_uint64,alex,3085691,100000000,4102167800,1,0,0,0,0,0,0,0,0,0,20,2866,100,2.122e-314,4.94066e-324,0,0,0,0,0,0,64,200000000
20220531025621,0,1,0,0,0,/research/dept7/ericlo_hpc/poh/gre_dev/resources/books_200M_uint64,alex,2501021,100000000,4097087512,1,0,0,0,0,0,0,0,0,0,20,2866,100,2.122e-314,4.94066e-324,0,0,0,0,0,0,64,200000000
20220531025628,0,1,0,0,0,/research/dept7/ericlo_hpc/poh/gre_dev/resources/libraries_io_repository_dependencies_200M_uint64,alex,2430101,100000000,4244672008,1,0,0,0,0,0,0,0,0,0,20,2866,100,2.122e-314,4.94066e-324,0,0,0,0,0,0,64,200000000
20220531025800,0,1,0,0,0,/research/dept7/ericlo_hpc/poh/gre_dev/resources/fb_200M_uint64,alex,1013066,100000000,4757921216,1,0,0,0,0,0,0,0,0,0,20,2866,100,2.122e-314,4.94066e-324,0,0,0,0,0,0,64,200000000
20220531025908,0,1,0,0,0,/research/dept7/ericlo_hpc/poh/gre_dev/resources/stovf_vote_id_200M_uint64,alex,3863046,100000000,4098728584,1,0,0,0,0,0,0,0,0,0,20,2866,100,2.122e-314,4.94066e-324,0,0,0,0,0,0,64,200000000
20220531025928,0,1,0,0,0,/research/dept7/ericlo_hpc/poh/gre_dev/resources/osm_history_node_200M_uint64,alex,2753202,100000000,4155323728,1,0,0,0,0,0,0,0,0,0,20,2866,100,2.122e-314,4.94066e-324,0,0,0,0,0,0,64,200000000
20220531030038,0,1,0,0,0,/research/dept7/ericlo_hpc/poh/gre_dev/resources/covid_tweets_200M_uint64,lipp,3451493,100000000,18009726410,1,0,0,0,0,0,0,0,0,0,20,2866,100,2.122e-314,4.94066e-324,0,0,0,0,0,0,64,200000000
20220531030104,0,1,0,0,0,/research/dept7/ericlo_hpc/poh/gre_dev/resources/planet_features_osm_id_200M_uint64,lipp,1890222,100000000,21004688164,1,0,0,0,0,0,0,0,0,0,20,2866,100,2.122e-314,4.94066e-324,0,0,0,0,0,0,64,200000000
20220531030111,0,1,0,0,0,/research/dept7/ericlo_hpc/poh/gre_dev/resources/biology_200M_uint64,lipp,1685217,100000000,22694999008,1,0,0,0,0,0,0,0,0,0,20,2866,100,2.122e-314,4.94066e-324,0,0,0,0,0,0,64,200000000
20220531030112,0,1,0,0,0,/research/dept7/ericlo_hpc/poh/gre_dev/resources/osm_cellids_200M_uint64,lipp,1630370,100000000,25394872570,1,0,0,0,0,0,0,0,0,0,20,2866,100,2.122e-314,4.94066e-324,0,0,0,0,0,0,64,200000000
20220531030213,0,1,0,0,0,/research/dept7/ericlo_hpc/poh/gre_dev/resources/libraries_io_repository_dependencies_200M_uint64,lipp,4497966,100000000,16272835264,1,0,0,0,0,0,0,0,0,0,20,2866,100,2.122e-314,4.94066e-324,0,0,0,0,0,0,64,200000000
20220531030220,0,1,0,0,0,/research/dept7/ericlo_hpc/poh/gre_dev/resources/wise_all_sky_data_htm_200M_uint64,lipp,3545654,100000000,16910623404,1,0,0,0,0,0,0,0,0,0,20,2866,100,2.122e-314,4.94066e-324,0,0,0,0,0,0,64,200000000
20220531030242,0,1,0,0,0,/research/dept7/ericlo_hpc/poh/gre_dev/resources/books_200M_uint64,lipp,2162276,100000000,21348571456,1,0,0,0,0,0,0,0,0,0,20,2866,100,2.122e-314,4.94066e-324,0,0,0,0,0,0,64,200000000
20220531030247,0,1,0,0,0,/research/dept7/ericlo_hpc/poh/gre_dev/resources/fb_200M_uint64,lipp,1877289,100000000,20959986408,1,0,0,0,0,0,0,0,0,0,20,2866,100,2.122e-314,4.94066e-324,0,0,0,0,0,0,64,200000000
20220531030331,0,1,0,0,0,/research/dept7/ericlo_hpc/poh/gre_dev/resources/stovf_vote_id_200M_uint64,lipp,8652466,100000000,9398242424,1,0,0,0,0,0,0,0,0,0,20,2866,100,2.122e-314,4.94066e-324,0,0,0,0,0,0,64,200000000
20220531030355,0,1,0,0,0,/research/dept7/ericlo_hpc/poh/gre_dev/resources/osm_history_node_200M_uint64,lipp,3561953,100000000,17329330616,1,0,0,0,0,0,0,0,0,0,20,2866,100,2.122e-314,4.94066e-324,0,0,0,0,0,0,64,200000000
20220531030505,0,1,0,0,0,/research/dept7/ericlo_hpc/poh/gre_dev/resources/covid_tweets_200M_uint64,artunsync,2626006,100000000,8406155724,1,0,0,0,0,0,0,0,0,0,20,2866,100,2.122e-314,4.94066e-324,0,0,0,0,0,0,64,200000000
20220531030506,0,1,0,0,0,/research/dept7/ericlo_hpc/poh/gre_dev/resources/planet_features_osm_id_200M_uint64,artunsync,2598537,100000000,11160054432,1,0,0,0,0,0,0,0,0,0,20,2866,100,2.122e-314,4.94066e-324,0,0,0,0,0,0,64,200000000
20220531030506,0,1,0,0,0,/research/dept7/ericlo_hpc/poh/gre_dev/resources/osm_cellids_200M_uint64,artunsync,2482179,100000000,10219960820,1,0,0,0,0,0,0,0,0,0,20,2866,100,2.122e-314,4.94066e-324,0,0,0,0,0,0,64,200000000
20220531030522,0,1,0,0,0,/research/dept7/ericlo_hpc/poh/gre_dev/resources/biology_200M_uint64,artunsync,1869780,100000000,10727310544,1,0,0,0,0,0,0,0,0,0,20,2866,100,2.122e-314,4.94066e-324,0,0,0,0,0,0,64,200000000
20220531030622,0,1,0,0,0,/research/dept7/ericlo_hpc/poh/gre_dev/resources/libraries_io_repository_dependencies_200M_uint64,artunsync,3643212,100000000,9036149728,1,0,0,0,0,0,0,0,0,0,20,2866,100,2.122e-314,4.94066e-324,0,0,0,0,0,0,64,200000000
20220531030627,0,1,0,0,0,/research/dept7/ericlo_hpc/poh/gre_dev/resources/wise_all_sky_data_htm_200M_uint64,artunsync,3090547,100000000,8346048732,1,0,0,0,0,0,0,0,0,0,20,2866,100,2.122e-314,4.94066e-324,0,0,0,0,0,0,64,200000000
20220531030634,0,1,0,0,0,/research/dept7/ericlo_hpc/poh/gre_dev/resources/fb_200M_uint64,artunsync,2387757,100000000,10515579248,1,0,0,0,0,0,0,0,0,0,20,2866,100,2.122e-314,4.94066e-324,0,0,0,0,0,0,64,200000000
20220531030634,0,1,0,0,0,/research/dept7/ericlo_hpc/poh/gre_dev/resources/books_200M_uint64,artunsync,2364460,100000000,11055434356,1,0,0,0,0,0,0,0,0,0,20,2866,100,2.122e-314,4.94066e-324,0,0,0,0,0,0,64,200000000
20220531030726,0,1,0,0,0,/research/dept7/ericlo_hpc/poh/gre_dev/resources/stovf_vote_id_200M_uint64,artunsync,4760374,100000000,5415247000,1,0,0,0,0,0,0,0,0,0,20,2866,100,2.122e-314,4.94066e-324,0,0,0,0,0,0,64,200000000
20220531030748,0,1,0,0,0,/research/dept7/ericlo_hpc/poh/gre_dev/resources/osm_history_node_200M_uint64,artunsync,2406304,100000000,9202905808,1,0,0,0,0,0,0,0,0,0,20,2866,100,2.122e-314,4.94066e-324,0,0,0,0,0,0,64,200000000
20220531030923,0,1,0,0,0,/research/dept7/ericlo_hpc/poh/gre_dev/resources/osm_cellids_200M_uint64,btree,1396890,100000000,5369427024,1,0,0,0,0,0,0,0,0,0,20,2866,100,2.122e-314,4.94066e-324,0,0,0,0,0,0,64,200000000
20220531030924,0,1,0,0,0,/research/dept7/ericlo_hpc/poh/gre_dev/resources/planet_features_osm_id_200M_uint64,btree,1399725,100000000,5369427024,1,0,0,0,0,0,0,0,0,0,20,2866,100,2.122e-314,4.94066e-324,0,0,0,0,0,0,64,200000000
20220531030925,0,1,0,0,0,/research/dept7/ericlo_hpc/poh/gre_dev/resources/covid_tweets_200M_uint64,btree,1416077,100000000,5369427024,1,0,0,0,0,0,0,0,0,0,20,2866,100,2.122e-314,4.94066e-324,0,0,0,0,0,0,64,200000000
20220531030925,0,1,0,0,0,/research/dept7/ericlo_hpc/poh/gre_dev/resources/biology_200M_uint64,btree,1411140,100000000,5369427024,1,0,0,0,0,0,0,0,0,0,20,2866,100,2.122e-314,4.94066e-324,0,0,0,0,0,0,64,200000000
20220531031100,0,1,0,0,0,/research/dept7/ericlo_hpc/poh/gre_dev/resources/books_200M_uint64,btree,1399560,100000000,5369427024,1,0,0,0,0,0,0,0,0,0,20,2866,100,2.122e-314,4.94066e-324,0,0,0,0,0,0,64,200000000
20220531031100,0,1,0,0,0,/research/dept7/ericlo_hpc/poh/gre_dev/resources/fb_200M_uint64,btree,1376299,100000000,5369427024,1,0,0,0,0,0,0,0,0,0,20,2866,100,2.122e-314,4.94066e-324,0,0,0,0,0,0,64,200000000
20220531031101,0,1,0,0,0,/research/dept7/ericlo_hpc/poh/gre_dev/resources/libraries_io_repository_dependencies_200M_uint64,btree,1416699,100000000,5369427024,1,0,0,0,0,0,0,0,0,0,20,2866,100,2.122e-314,4.94066e-324,0,0,0,0,0,0,64,200000000
20220531031102,0,1,0,0,0,/research/dept7/ericlo_hpc/poh/gre_dev/resources/wise_all_sky_data_htm_200M_uint64,btree,1409654,100000000,5369427024,1,0,0,0,0,0,0,0,0,0,20,2866,100,2.122e-314,4.94066e-324,0,0,0,0,0,0,64,200000000
20220531031237,0,1,0,0,0,/research/dept7/ericlo_hpc/poh/gre_dev/resources/stovf_vote_id_200M_uint64,btree,1417128,100000000,5369427024,1,0,0,0,0,0,0,0,0,0,20,2866,100,2.122e-314,4.94066e-324,0,0,0,0,0,0,64,200000000
20220531031237,0,1,0,0,0,/research/dept7/ericlo_hpc/poh/gre_dev/resources/osm_history_node_200M_uint64,btree,1410699,100000000,5369427024,1,0,0,0,0,0,0,0,0,0,20,2866,100,2.122e-314,4.94066e-324,0,0,0,0,0,0,64,200000000
20220531031433,0,1,0,0,0,/research/dept7/ericlo_hpc/poh/gre_dev/resources/covid_tweets_200M_uint64,hot,1464531,100000000,2305371728,1,0,0,0,0,0,0,0,0,0,20,2866,100,2.122e-314,4.94066e-324,0,0,0,0,0,0,64,200000000
20220531031435,0,1,0,0,0,/research/dept7/ericlo_hpc/poh/gre_dev/resources/planet_features_osm_id_200M_uint64,hot,1423543,100000000,2300439808,1,0,0,0,0,0,0,0,0,0,20,2866,100,2.122e-314,4.94066e-324,0,0,0,0,0,0,64,200000000
20220531031437,0,1,0,0,0,/research/dept7/ericlo_hpc/poh/gre_dev/resources/osm_cellids_200M_uint64,hot,1375260,100000000,2340209552,1,0,0,0,0,0,0,0,0,0,20,2866,100,2.122e-314,4.94066e-324,0,0,0,0,0,0,64,200000000
20220531031443,0,1,0,0,0,/research/dept7/ericlo_hpc/poh/gre_dev/resources/biology_200M_uint64,hot,1357062,100000000,2507699040,1,0,0,0,0,0,0,0,0,0,20,2866,100,2.122e-314,4.94066e-324,0,0,0,0,0,0,64,200000000
20220531031638,0,1,0,0,0,/research/dept7/ericlo_hpc/poh/gre_dev/resources/libraries_io_repository_dependencies_200M_uint64,hot,1449459,100000000,2216806568,1,0,0,0,0,0,0,0,0,0,20,2866,100,2.122e-314,4.94066e-324,0,0,0,0,0,0,64,200000000
20220531031639,0,1,0,0,0,/research/dept7/ericlo_hpc/poh/gre_dev/resources/wise_all_sky_data_htm_200M_uint64,hot,1468247,100000000,2265756896,1,0,0,0,0,0,0,0,0,0,20,2866,100,2.122e-314,4.94066e-324,0,0,0,0,0,0,64,200000000
20220531031640,0,1,0,0,0,/research/dept7/ericlo_hpc/poh/gre_dev/resources/books_200M_uint64,hot,1418423,100000000,2371714448,1,0,0,0,0,0,0,0,0,0,20,2866,100,2.122e-314,4.94066e-324,0,0,0,0,0,0,64,200000000
20220531031644,0,1,0,0,0,/research/dept7/ericlo_hpc/poh/gre_dev/resources/fb_200M_uint64,hot,1361482,100000000,2451297640,1,0,0,0,0,0,0,0,0,0,20,2866,100,2.122e-314,4.94066e-324,0,0,0,0,0,0,64,200000000
20220531031839,0,1,0,0,0,/research/dept7/ericlo_hpc/poh/gre_dev/resources/stovf_vote_id_200M_uint64,hot,1407285,100000000,2134100784,1,0,0,0,0,0,0,0,0,0,20,2866,100,2.122e-314,4.94066e-324,0,0,0,0,0,0,64,200000000
20220531031841,0,1,0,0,0,/research/dept7/ericlo_hpc/poh/gre_dev/resources/osm_history_node_200M_uint64,hot,1428705,100000000,2283002096,1,0,0,0,0,0,0,0,0,0,20,2866,100,2.122e-314,4.94066e-324,0,0,0,0,0,0,64,200000000
20220531031923,0,1,0,0,0,/research/dept7/ericlo_hpc/poh/gre_dev/resources/osm_cellids_200M_uint64,pgm,5155028,100000000,3205454888,1,0,0,0,0,0,0,0,0,0,20,2866,100,2.122e-314,4.94066e-324,0,0,0,0,0,0,64,200000000
20220531031925,0,1,0,0,0,/research/dept7/ericlo_hpc/poh/gre_dev/resources/planet_features_osm_id_200M_uint64,pgm,5217105,100000000,3203728864,1,0,0,0,0,0,0,0,0,0,20,2866,100,2.122e-314,4.94066e-324,0,0,0,0,0,0,64,200000000
20220531031925,0,1,0,0,0,/research/dept7/ericlo_hpc/poh/gre_dev/resources/covid_tweets_200M_uint64,pgm,5271542,100000000,3200789720,1,0,0,0,0,0,0,0,0,0,20,2866,100,2.122e-314,4.94066e-324,0,0,0,0,0,0,64,200000000
20220531031925,0,1,0,0,0,/research/dept7/ericlo_hpc/poh/gre_dev/resources/biology_200M_uint64,pgm,5297734,100000000,3202089544,1,0,0,0,0,0,0,0,0,0,20,2866,100,2.122e-314,4.94066e-324,0,0,0,0,0,0,64,200000000
20220531032006,0,1,0,0,0,/research/dept7/ericlo_hpc/poh/gre_dev/resources/fb_200M_uint64,pgm,5258993,100000000,3207543352,1,0,0,0,0,0,0,0,0,0,20,2866,100,2.122e-314,4.94066e-324,0,0,0,0,0,0,64,200000000
20220531032007,0,1,0,0,0,/research/dept7/ericlo_hpc/poh/gre_dev/resources/books_200M_uint64,pgm,5258280,100000000,3200679872,1,0,0,0,0,0,0,0,0,0,20,2866,100,2.122e-314,4.94066e-324,0,0,0,0,0,0,64,200000000
20220531032009,0,1,0,0,0,/research/dept7/ericlo_hpc/poh/gre_dev/resources/wise_all_sky_data_htm_200M_uint64,pgm,5369632,100000000,3200431248,1,0,0,0,0,0,0,0,0,0,20,2866,100,2.122e-314,4.94066e-324,0,0,0,0,0,0,64,200000000
20220531032009,0,1,0,0,0,/research/dept7/ericlo_hpc/poh/gre_dev/resources/libraries_io_repository_dependencies_200M_uint64,pgm,5240185,100000000,3201315088,1,0,0,0,0,0,0,0,0,0,20,2866,100,2.122e-314,4.94066e-324,0,0,0,0,0,0,64,200000000
20220531032052,0,1,0,0,0,/research/dept7/ericlo_hpc/poh/gre_dev/resources/stovf_vote_id_200M_uint64,pgm,5417911,100000000,3200202064,1,0,0,0,0,0,0,0,0,0,20,2866,100,2.122e-314,4.94066e-324,0,0,0,0,0,0,64,200000000
20220531032052,0,1,0,0,0,/research/dept7/ericlo_hpc/poh/gre_dev/resources/osm_history_node_200M_uint64,pgm,5370645,100000000,3200667760,1,0,0,0,0,0,0,0,0,0,20,2866,100,2.122e-314,4.94066e-324,0,0,0,0,0,0,64,200000000
20220531032217,0,1,0,0,0,/research/dept7/ericlo_hpc/poh/gre_dev/resources/covid_tweets_200M_uint64,alex,2880481,100000000,4113375864,1,0,0,0,0,0,0,0,0,0,20,3866,100,2.122e-314,4.94066e-324,0,0,0,0,0,0,64,200000000
20220531032256,0,1,0,0,0,/research/dept7/ericlo_hpc/poh/gre_dev/resources/biology_200M_uint64,alex,1508474,100000000,4279051424,1,0,0,0,0,0,0,0,0,0,20,3866,100,2.122e-314,4.94066e-324,0,0,0,0,0,0,64,200000000
20220531032305,0,1,0,0,0,/research/dept7/ericlo_hpc/poh/gre_dev/resources/planet_features_osm_id_200M_uint64,alex,1434505,100000000,4454823176,1,0,0,0,0,0,0,0,0,0,20,3866,100,2.122e-314,4.94066e-324,0,0,0,0,0,0,64,200000000
20220531032317,0,1,0,0,0,/research/dept7/ericlo_hpc/poh/gre_dev/resources/osm_cellids_200M_uint64,alex,1269805,100000000,4581189720,1,0,0,0,0,0,0,0,0,0,20,3866,100,2.122e-314,4.94066e-324,0,0,0,0,0,0,64,200000000
20220531032438,0,1,0,0,0,/research/dept7/ericlo_hpc/poh/gre_dev/resources/wise_all_sky_data_htm_200M_uint64,alex,3073577,100000000,4102601072,1,0,0,0,0,0,0,0,0,0,20,3866,100,2.122e-314,4.94066e-324,0,0,0,0,0,0,64,200000000
20220531032445,0,1,0,0,0,/research/dept7/ericlo_hpc/poh/gre_dev/resources/books_200M_uint64,alex,2507441,100000000,4096616016,1,0,0,0,0,0,0,0,0,0,20,3866,100,2.122e-314,4.94066e-324,0,0,0,0,0,0,64,200000000
20220531032451,0,1,0,0,0,/research/dept7/ericlo_hpc/poh/gre_dev/resources/libraries_io_repository_dependencies_200M_uint64,alex,2432763,100000000,4249349464,1,0,0,0,0,0,0,0,0,0,20,3866,100,2.122e-314,4.94066e-324,0,0,0,0,0,0,64,200000000
20220531032612,0,1,0,0,0,/research/dept7/ericlo_hpc/poh/gre_dev/resources/fb_200M_uint64,alex,1011845,100000000,4743769000,1,0,0,0,0,0,0,0,0,0,20,3866,100,2.122e-314,4.94066e-324,0,0,0,0,0,0,64,200000000
20220531032721,0,1,0,0,0,/research/dept7/ericlo_hpc/poh/gre_dev/resources/stovf_vote_id_200M_uint64,alex,3812640,100000000,4098248648,1,0,0,0,0,0,0,0,0,0,20,3866,100,2.122e-314,4.94066e-324,0,0,0,0,0,0,64,200000000
20220531032741,0,1,0,0,0,/research/dept7/ericlo_hpc/poh/gre_dev/resources/osm_history_node_200M_uint64,alex,2752262,100000000,4156108504,1,0,0,0,0,0,0,0,0,0,20,3866,100,2.122e-314,4.94066e-324,0,0,0,0,0,0,64,200000000
20220531032849,0,1,0,0,0,/research/dept7/ericlo_hpc/poh/gre_dev/resources/covid_tweets_200M_uint64,lipp,3622720,100000000,18007710228,1,0,0,0,0,0,0,0,0,0,20,3866,100,2.122e-314,4.94066e-324,0,0,0,0,0,0,64,200000000
20220531032917,0,1,0,0,0,/research/dept7/ericlo_hpc/poh/gre_dev/resources/planet_features_osm_id_200M_uint64,lipp,1907509,100000000,21005680644,1,0,0,0,0,0,0,0,0,0,20,3866,100,2.122e-314,4.94066e-324,0,0,0,0,0,0,64,200000000
20220531032924,0,1,0,0,0,/research/dept7/ericlo_hpc/poh/gre_dev/resources/osm_cellids_200M_uint64,lipp,1638241,100000000,25388952094,1,0,0,0,0,0,0,0,0,0,20,3866,100,2.122e-314,4.94066e-324,0,0,0,0,0,0,64,200000000
20220531032925,0,1,0,0,0,/research/dept7/ericlo_hpc/poh/gre_dev/resources/biology_200M_uint64,lipp,1653298,100000000,22691471300,1,0,0,0,0,0,0,0,0,0,20,3866,100,2.122e-314,4.94066e-324,0,0,0,0,0,0,64,200000000
20220531033027,0,1,0,0,0,/research/dept7/ericlo_hpc/poh/gre_dev/resources/libraries_io_repository_dependencies_200M_uint64,lipp,4414920,100000000,16273367738,1,0,0,0,0,0,0,0,0,0,20,3866,100,2.122e-314,4.94066e-324,0,0,0,0,0,0,64,200000000
20220531033032,0,1,0,0,0,/research/dept7/ericlo_hpc/poh/gre_dev/resources/wise_all_sky_data_htm_200M_uint64,lipp,3776352,100000000,16909640994,1,0,0,0,0,0,0,0,0,0,20,3866,100,2.122e-314,4.94066e-324,0,0,0,0,0,0,64,200000000
20220531033057,0,1,0,0,0,/research/dept7/ericlo_hpc/poh/gre_dev/resources/books_200M_uint64,lipp,2134592,100000000,21349358070,1,0,0,0,0,0,0,0,0,0,20,3866,100,2.122e-314,4.94066e-324,0,0,0,0,0,0,64,200000000
20220531033059,0,1,0,0,0,/research/dept7/ericlo_hpc/poh/gre_dev/resources/fb_200M_uint64,lipp,1921254,100000000,20959346330,1,0,0,0,0,0,0,0,0,0,20,3866,100,2.122e-314,4.94066e-324,0,0,0,0,0,0,64,200000000
20220531033143,0,1,0,0,0,/research/dept7/ericlo_hpc/poh/gre_dev/resources/stovf_vote_id_200M_uint64,lipp,8756703,100000000,9398490120,1,0,0,0,0,0,0,0,0,0,20,3866,100,2.122e-314,4.94066e-324,0,0,0,0,0,0,64,200000000
20220531033207,0,1,0,0,0,/research/dept7/ericlo_hpc/poh/gre_dev/resources/osm_history_node_200M_uint64,lipp,3545686,100000000,17328739720,1,0,0,0,0,0,0,0,0,0,20,3866,100,2.122e-314,4.94066e-324,0,0,0,0,0,0,64,200000000
20220531033317,0,1,0,0,0,/research/dept7/ericlo_hpc/poh/gre_dev/resources/covid_tweets_200M_uint64,artunsync,2622701,100000000,8406155724,1,0,0,0,0,0,0,0,0,0,20,3866,100,2.122e-314,4.94066e-324,0,0,0,0,0,0,64,200000000
20220531033318,0,1,0,0,0,/research/dept7/ericlo_hpc/poh/gre_dev/resources/planet_features_osm_id_200M_uint64,artunsync,2591943,100000000,11160054432,1,0,0,0,0,0,0,0,0,0,20,3866,100,2.122e-314,4.94066e-324,0,0,0,0,0,0,64,200000000
20220531033318,0,1,0,0,0,/research/dept7/ericlo_hpc/poh/gre_dev/resources/osm_cellids_200M_uint64,artunsync,2483047,100000000,10219960820,1,0,0,0,0,0,0,0,0,0,20,3866,100,2.122e-314,4.94066e-324,0,0,0,0,0,0,64,200000000
20220531033334,0,1,0,0,0,/research/dept7/ericlo_hpc/poh/gre_dev/resources/biology_200M_uint64,artunsync,1887074,100000000,10727310544,1,0,0,0,0,0,0,0,0,0,20,3866,100,2.122e-314,4.94066e-324,0,0,0,0,0,0,64,200000000
20220531033435,0,1,0,0,0,/research/dept7/ericlo_hpc/poh/gre_dev/resources/libraries_io_repository_dependencies_200M_uint64,artunsync,3587740,100000000,9036149728,1,0,0,0,0,0,0,0,0,0,20,3866,100,2.122e-314,4.94066e-324,0,0,0,0,0,0,64,200000000
20220531033439,0,1,0,0,0,/research/dept7/ericlo_hpc/poh/gre_dev/resources/wise_all_sky_data_htm_200M_uint64,artunsync,3086586,100000000,8346048732,1,0,0,0,0,0,0,0,0,0,20,3866,100,2.122e-314,4.94066e-324,0,0,0,0,0,0,64,200000000
20220531033446,0,1,0,0,0,/research/dept7/ericlo_hpc/poh/gre_dev/resources/books_200M_uint64,artunsync,2392327,100000000,11055434356,1,0,0,0,0,0,0,0,0,0,20,3866,100,2.122e-314,4.94066e-324,0,0,0,0,0,0,64,200000000
20220531033447,0,1,0,0,0,/research/dept7/ericlo_hpc/poh/gre_dev/resources/fb_200M_uint64,artunsync,2383873,100000000,10515579248,1,0,0,0,0,0,0,0,0,0,20,3866,100,2.122e-314,4.94066e-324,0,0,0,0,0,0,64,200000000
20220531033537,0,1,0,0,0,/research/dept7/ericlo_hpc/poh/gre_dev/resources/stovf_vote_id_200M_uint64,artunsync,4732225,100000000,5415247000,1,0,0,0,0,0,0,0,0,0,20,3866,100,2.122e-314,4.94066e-324,0,0,0,0,0,0,64,200000000
20220531033602,0,1,0,0,0,/research/dept7/ericlo_hpc/poh/gre_dev/resources/osm_history_node_200M_uint64,artunsync,2353267,100000000,9202905808,1,0,0,0,0,0,0,0,0,0,20,3866,100,2.122e-314,4.94066e-324,0,0,0,0,0,0,64,200000000
20220531033737,0,1,0,0,0,/research/dept7/ericlo_hpc/poh/gre_dev/resources/osm_cellids_200M_uint64,btree,1396781,100000000,5368652440,1,0,0,0,0,0,0,0,0,0,20,3866,100,2.122e-314,4.94066e-324,0,0,0,0,0,0,64,200000000
20220531033738,0,1,0,0,0,/research/dept7/ericlo_hpc/poh/gre_dev/resources/covid_tweets_200M_uint64,btree,1418812,100000000,5368652440,1,0,0,0,0,0,0,0,0,0,20,3866,100,2.122e-314,4.94066e-324,0,0,0,0,0,0,64,200000000
20220531033738,0,1,0,0,0,/research/dept7/ericlo_hpc/poh/gre_dev/resources/planet_features_osm_id_200M_uint64,btree,1396908,100000000,5368652440,1,0,0,0,0,0,0,0,0,0,20,3866,100,2.122e-314,4.94066e-324,0,0,0,0,0,0,64,200000000
20220531033739,0,1,0,0,0,/research/dept7/ericlo_hpc/poh/gre_dev/resources/biology_200M_uint64,btree,1398201,100000000,5368652440,1,0,0,0,0,0,0,0,0,0,20,3866,100,2.122e-314,4.94066e-324,0,0,0,0,0,0,64,200000000
20220531033914,0,1,0,0,0,/research/dept7/ericlo_hpc/poh/gre_dev/resources/books_200M_uint64,btree,1397215,100000000,5368652440,1,0,0,0,0,0,0,0,0,0,20,3866,100,2.122e-314,4.94066e-324,0,0,0,0,0,0,64,200000000
20220531033914,0,1,0,0,0,/research/dept7/ericlo_hpc/poh/gre_dev/resources/fb_200M_uint64,btree,1375947,100000000,5368652440,1,0,0,0,0,0,0,0,0,0,20,3866,100,2.122e-314,4.94066e-324,0,0,0,0,0,0,64,200000000
20220531033915,0,1,0,0,0,/research/dept7/ericlo_hpc/poh/gre_dev/resources/wise_all_sky_data_htm_200M_uint64,btree,1413127,100000000,5368652440,1,0,0,0,0,0,0,0,0,0,20,3866,100,2.122e-314,4.94066e-324,0,0,0,0,0,0,64,200000000
20220531033915,0,1,0,0,0,/research/dept7/ericlo_hpc/poh/gre_dev/resources/libraries_io_repository_dependencies_200M_uint64,btree,1412910,100000000,5368652440,1,0,0,0,0,0,0,0,0,0,20,3866,100,2.122e-314,4.94066e-324,0,0,0,0,0,0,64,200000000
20220531034051,0,1,0,0,0,/research/dept7/ericlo_hpc/poh/gre_dev/resources/stovf_vote_id_200M_uint64,btree,1415766,100000000,5368652440,1,0,0,0,0,0,0,0,0,0,20,3866,100,2.122e-314,4.94066e-324,0,0,0,0,0,0,64,200000000
20220531034051,0,1,0,0,0,/research/dept7/ericlo_hpc/poh/gre_dev/resources/osm_history_node_200M_uint64,btree,1409201,100000000,5368652440,1,0,0,0,0,0,0,0,0,0,20,3866,100,2.122e-314,4.94066e-324,0,0,0,0,0,0,64,200000000
20220531034247,0,1,0,0,0,/research/dept7/ericlo_hpc/poh/gre_dev/resources/covid_tweets_200M_uint64,hot,1462753,100000000,2305371728,1,0,0,0,0,0,0,0,0,0,20,3866,100,2.122e-314,4.94066e-324,0,0,0,0,0,0,64,200000000
20220531034249,0,1,0,0,0,/research/dept7/ericlo_hpc/poh/gre_dev/resources/planet_features_osm_id_200M_uint64,hot,1434449,100000000,2300439808,1,0,0,0,0,0,0,0,0,0,20,3866,100,2.122e-314,4.94066e-324,0,0,0,0,0,0,64,200000000
20220531034251,0,1,0,0,0,/research/dept7/ericlo_hpc/poh/gre_dev/resources/osm_cellids_200M_uint64,hot,1379052,100000000,2340209552,1,0,0,0,0,0,0,0,0,0,20,3866,100,2.122e-314,4.94066e-324,0,0,0,0,0,0,64,200000000
20220531034257,0,1,0,0,0,/research/dept7/ericlo_hpc/poh/gre_dev/resources/biology_200M_uint64,hot,1360091,100000000,2507699040,1,0,0,0,0,0,0,0,0,0,20,3866,100,2.122e-314,4.94066e-324,0,0,0,0,0,0,64,200000000
20220531034453,0,1,0,0,0,/research/dept7/ericlo_hpc/poh/gre_dev/resources/libraries_io_repository_dependencies_200M_uint64,hot,1442218,100000000,2216806568,1,0,0,0,0,0,0,0,0,0,20,3866,100,2.122e-314,4.94066e-324,0,0,0,0,0,0,64,200000000
20220531034453,0,1,0,0,0,/research/dept7/ericlo_hpc/poh/gre_dev/resources/wise_all_sky_data_htm_200M_uint64,hot,1464437,100000000,2265756896,1,0,0,0,0,0,0,0,0,0,20,3866,100,2.122e-314,4.94066e-324,0,0,0,0,0,0,64,200000000
20220531034453,0,1,0,0,0,/research/dept7/ericlo_hpc/poh/gre_dev/resources/books_200M_uint64,hot,1422661,100000000,2371714448,1,0,0,0,0,0,0,0,0,0,20,3866,100,2.122e-314,4.94066e-324,0,0,0,0,0,0,64,200000000
20220531034458,0,1,0,0,0,/research/dept7/ericlo_hpc/poh/gre_dev/resources/fb_200M_uint64,hot,1362565,100000000,2451297640,1,0,0,0,0,0,0,0,0,0,20,3866,100,2.122e-314,4.94066e-324,0,0,0,0,0,0,64,200000000
20220531034652,0,1,0,0,0,/research/dept7/ericlo_hpc/poh/gre_dev/resources/stovf_vote_id_200M_uint64,hot,1415233,100000000,2134100784,1,0,0,0,0,0,0,0,0,0,20,3866,100,2.122e-314,4.94066e-324,0,0,0,0,0,0,64,200000000
20220531034657,0,1,0,0,0,/research/dept7/ericlo_hpc/poh/gre_dev/resources/osm_history_node_200M_uint64,hot,1407964,100000000,2283002096,1,0,0,0,0,0,0,0,0,0,20,3866,100,2.122e-314,4.94066e-324,0,0,0,0,0,0,64,200000000
20220531034739,0,1,0,0,0,/research/dept7/ericlo_hpc/poh/gre_dev/resources/osm_cellids_200M_uint64,pgm,5136696,100000000,3205452704,1,0,0,0,0,0,0,0,0,0,20,3866,100,2.122e-314,4.94066e-324,0,0,0,0,0,0,64,200000000
20220531034740,0,1,0,0,0,/research/dept7/ericlo_hpc/poh/gre_dev/resources/covid_tweets_200M_uint64,pgm,5260521,100000000,3200789560,1,0,0,0,0,0,0,0,0,0,20,3866,100,2.122e-314,4.94066e-324,0,0,0,0,0,0,64,200000000
20220531034741,0,1,0,0,0,/research/dept7/ericlo_hpc/poh/gre_dev/resources/planet_features_osm_id_200M_uint64,pgm,5133258,100000000,3203725344,1,0,0,0,0,0,0,0,0,0,20,3866,100,2.122e-314,4.94066e-324,0,0,0,0,0,0,64,200000000
20220531034741,0,1,0,0,0,/research/dept7/ericlo_hpc/poh/gre_dev/resources/biology_200M_uint64,pgm,5229555,100000000,3202090696,1,0,0,0,0,0,0,0,0,0,20,3866,100,2.122e-314,4.94066e-324,0,0,0,0,0,0,64,200000000
20220531034822,0,1,0,0,0,/research/dept7/ericlo_hpc/poh/gre_dev/resources/fb_200M_uint64,pgm,5301784,100000000,3207543544,1,0,0,0,0,0,0,0,0,0,20,3866,100,2.122e-314,4.94066e-324,0,0,0,0,0,0,64,200000000
20220531034822,0,1,0,0,0,/research/dept7/ericlo_hpc/poh/gre_dev/resources/books_200M_uint64,pgm,5278845,100000000,3200679328,1,0,0,0,0,0,0,0,0,0,20,3866,100,2.122e-314,4.94066e-324,0,0,0,0,0,0,64,200000000
20220531034824,0,1,0,0,0,/research/dept7/ericlo_hpc/poh/gre_dev/resources/wise_all_sky_data_htm_200M_uint64,pgm,5393850,100000000,3200432160,1,0,0,0,0,0,0,0,0,0,20,3866,100,2.122e-314,4.94066e-324,0,0,0,0,0,0,64,200000000
20220531034825,0,1,0,0,0,/research/dept7/ericlo_hpc/poh/gre_dev/resources/libraries_io_repository_dependencies_200M_uint64,pgm,5218122,100000000,3201315144,1,0,0,0,0,0,0,0,0,0,20,3866,100,2.122e-314,4.94066e-324,0,0,0,0,0,0,64,200000000
20220531034908,0,1,0,0,0,/research/dept7/ericlo_hpc/poh/gre_dev/resources/stovf_vote_id_200M_uint64,pgm,5401852,100000000,3200202320,1,0,0,0,0,0,0,0,0,0,20,3866,100,2.122e-314,4.94066e-324,0,0,0,0,0,0,64,200000000
20220531034908,0,1,0,0,0,/research/dept7/ericlo_hpc/poh/gre_dev/resources/osm_history_node_200M_uint64,pgm,5383677,100000000,3200667784,1,0,0,0,0,0,0,0,0,0,20,3866,100,2.122e-314,4.94066e-324,0,0,0,0,0,0,64,200000000
